<!--<odoo>-->
<!--&lt;!&ndash;        <data noupdate="1">&ndash;&gt;-->
<!--    <data>-->
<!--        <record id="stage_0" model="project.task.type">-->
<!--            <field name="sequence">1</field>-->
<!--            <field name="name">BackLog</field>-->
<!--&lt;!&ndash;            <field name="legend_blocked">BackLog</field>&ndash;&gt;-->
<!--&lt;!&ndash;            <field name="mail_template_id" ref="project.mail_template_data_task"/>&ndash;&gt;-->
<!--        </record>-->
<!--        <record id="stage_1" model="project.task.type">-->
<!--            <field name="sequence">2</field>-->
<!--            <field name="name">To Do</field>-->
<!--&lt;!&ndash;            <field name="legend_blocked">To Do</field>&ndash;&gt;-->
<!--&lt;!&ndash;            <field name="legend_done">To Do</field>&ndash;&gt;-->
<!--        </record>-->
<!--        <record id="stage_2" model="project.task.type">-->
<!--            <field name="sequence">3</field>-->
<!--            <field name="name">In Progress</field>-->
<!--&lt;!&ndash;            <field name="fold" eval="True"/>&ndash;&gt;-->
<!--&lt;!&ndash;            <field name="is_closed" eval="True"/>&ndash;&gt;-->
<!--        </record>-->
<!--        <record id="stage_3" model="project.task.type">-->
<!--            <field name="sequence">4</field>-->
<!--            <field name="name">Ready For Review</field>-->
<!--&lt;!&ndash;            <field name="fold" eval="True"/>&ndash;&gt;-->
<!--&lt;!&ndash;            <field name="is_closed" eval="True"/>&ndash;&gt;-->
<!--        </record>-->
<!--        <record id="stage_4" model="project.task.type">-->
<!--            <field name="sequence">5</field>-->
<!--            <field name="name">Code Review and Testing</field>-->
<!--&lt;!&ndash;            <field name="fold" eval="True"/>&ndash;&gt;-->
<!--&lt;!&ndash;            <field name="is_closed" eval="True"/>&ndash;&gt;-->
<!--        </record>-->

<!--        <record id="stage_5" model="project.task.type">-->
<!--            <field name="sequence">6</field>-->
<!--            <field name="name">Delivered</field>-->
<!--&lt;!&ndash;            <field name="legend_done">Delivered</field>&ndash;&gt;-->
<!--&lt;!&ndash;            <field name="fold" eval="True"/>&ndash;&gt;-->
<!--&lt;!&ndash;            <field name="is_closed" eval="True"/>&ndash;&gt;-->
<!--        </record>-->

<!--        <record id="stage_6" model="project.task.type">-->
<!--            <field name="sequence">7</field>-->
<!--            <field name="name">Cancelled</field>-->
<!--&lt;!&ndash;            <field name="fold" eval="True"/>&ndash;&gt;-->
<!--&lt;!&ndash;            <field name="is_closed" eval="True"/>&ndash;&gt;-->
<!--        </record>-->
<!--    </data>-->
<!--</odoo>-->