<odoo>
        <data noupdate="1">
        <record id="stage_0" model="project.task.type">
            <field name="sequence">1</field>
            <field name="name">BackLog</field>
            <field name="legend_blocked">BackLog</field>
        </record>
        <record id="stage_1" model="project.task.type">
            <field name="sequence">2</field>
            <field name="name">To Do</field>
            <field name="legend_blocked">To Do</field>
            <field name="legend_done">To Do</field>
        </record>
        <record id="stage_2" model="project.task.type">
            <field name="sequence">3</field>
            <field name="name">In Progress</field>
<!--            <field name="fold" eval="True"/>-->
<!--            <field name="is_closed" eval="True"/>-->
        </record>
        <record id="stage_3" model="project.task.type">
            <field name="sequence">4</field>
            <field name="name">Ready For Review</field>
<!--            <field name="fold" eval="True"/>-->
<!--            <field name="is_closed" eval="True"/>-->
        </record>
        <record id="stage_4" model="project.task.type">
            <field name="sequence">5</field>
            <field name="name">Code Review and Testing</field>
<!--            <field name="fold" eval="True"/>-->
<!--            <field name="is_closed" eval="True"/>-->
        </record>

        <record id="stage_5" model="project.task.type">
            <field name="sequence">6</field>
            <field name="name">Delivered</field>
            <field name="legend_done">Delivered</field>
<!--            <field name="fold" eval="True"/>-->
<!--            <field name="is_closed" eval="True"/>-->
        </record>

        <record id="stage_6" model="project.task.type">
            <field name="sequence">7</field>
            <field name="name">Cancelled</field>
<!--            <field name="fold" eval="True"/>-->
<!--            <field name="is_closed" eval="True"/>-->
        </record>
    </data>
</odoo>